id,ref,name,address/id,Contacts/Contact Name,Account Payable/id,Account Receivable/id,Supplier,Customer
proveedor_1,P1,ANDRRES SABORIO ALFARO,proveedor_1_addr_1,Provider 1,210-008-01,110-004-01,TRUE,FALSE
proveedor_2,P2,Arturo Delgado Morales,proveedor_2_addr_1,Provider 2,210-008-01,110-004-01,TRUE,FALSE
proveedor_3,P3,Aterual S.A.,proveedor_3_addr_1,Provider 3,210-008-01,110-004-01,TRUE,FALSE
customer_1,C1,CHRISTIAN ORTEGA ALVAREZ,customer_1_addr_1,Customer 1,210-008-01,110-004-01,FALSE,TRUE
customer_2,C2,Claudia Escobar Berdugo,customer_2_addr_1,Customer 2,210-008-01,110-004-01,FALSE,TRUE
customer_3,C3,CORTES SALAZAR JOSE LUIS,customer_3_addr_1,Customer 3,210-008-01,110-004-01,FALSE,TRUE
